WKT,newrd_id,newrd_rate,nrd_descr
"LINESTRING (92317.267448849176 942680.65215746081,93368.305690922745 942651.45665073663,93368.305690922745 942651.45665073663)",1L,0.025,small new rd
"LINESTRING (93378.268972538877 940709.38661402522,93864.810551682138 941594.00766701298,95059.048973215555 941660.35424598702,95059.048973215555 941660.35424598702)",2L,0.5,new medium road
"LINESTRING (103693.54449279154 908813.23152768472,109937.79070708308 914118.07786902972,113750.64901492483 908150.12573501654,108666.83793780251 909973.66666485392,108666.83793780251 909973.66666485392)",3L,1.0,new expressway to nowhere
WKT,cross_id,c_altered,c_deleted,c_aqua_scr,c_describe,dam_id,d_altered,d_deleted,d_aqua_scr,d_describe,wildlf_id,w_altered,w_deleted,terr_scr,w_describe,restr_id,r_altered,r_deleted,r_rest_scr,r_describe
"POINT (93585.412624968056 940225.33321298729)",1P,n,n,1.0,bv25,,,,,,,,,,,,,,,
"POINT (94103.572452277484 941013.8372980234)",2P,n,n,0.4,b qjthb,,,,,,,,,,,,,,,
"POINT (93844.83305 942293.3518)",3P,n,y,,,,,,,,,,,,,,,,,
"POINT (92852.00523 943029.0287)",4P,y,n,0.4,significant,,,,,,,,,,,,,,,
"POINT (272728.47057073377 854756.42618164141)",,,,,,,,,,,,,,,,5P,n,n,1.0 m,new breakwater
WKT,modrd_id,modrd_rate,mrd_descr,ldcvr_id,ldcvr_cls,l_describe
"POLYGON ((93232.059992876166 942281.64689889585,93397.501197646998 942466.55177481624,93397.501197646998 942466.55177481624,93446.160375520776 942325.4401589823,93232.059992876166 942281.64689889585))",,,,1PG,10,new house
"POLYGON ((93061.752870317941 942982.33906027826,93197.998568364521 943021.26640257728,93280.719170749944 942758.50684205885,93154.20530827812 942743.90908869682,93154.20530827812 942743.90908869682,93061.752870317941 942982.33906027826))",,,,2PG,10,a big house
